stage,variant,scenario_group,cfc_success,ltc_success,delta_success_cfc_minus_ltc,cfc_collision,ltc_collision,delta_collision_cfc_minus_ltc,cfc_min_clearance,ltc_min_clearance,delta_min_clearance_cfc_minus_ltc
imitation,pure,default,0.0,0.0,0.0,0.7083333333333334,0.9583333333333334,-0.25,-0.018350423335301666,-0.052845082960545804,0.03449465962524414
imitation,pure,hard,0.0,0.0,0.0,0.8666666666666667,0.9666666666666667,-0.09999999999999998,-0.0532282718052668,-0.06681191982066431,0.013583648015397513
imitation,residual,default,0.9583333333333334,1.0,-0.04166666666666663,0.0,0.0,0.0,0.4009926264690968,0.4436562648878584,-0.04266363841876164
imitation,residual,hard,0.3333333333333333,0.36666666666666664,-0.033333333333333326,0.6666666666666666,0.6333333333333333,0.033333333333333326,0.05050824208486827,0.09264412771083433,-0.04213588562596606
rl_finetune,pure,default,0.0,0.0,0.0,0.7083333333333334,0.9583333333333334,-0.25,-0.01864898991821405,-0.052845082960545804,0.03419609304233175
rl_finetune,pure,hard,0.0,0.0,0.0,0.8666666666666667,0.9666666666666667,-0.09999999999999998,-0.050698769334873287,-0.06681191982066431,0.016113150485791025
rl_finetune,residual,default,0.9583333333333334,1.0,-0.04166666666666663,0.0,0.0,0.0,0.4174098831346127,0.4569842779392237,-0.039574394804611
rl_finetune,residual,hard,0.26666666666666666,0.4,-0.13333333333333336,0.7333333333333333,0.6,0.1333333333333333,0.019103503065666914,0.09319971219078808,-0.07409620912512117
