cell,stage,scenario_group,pure_success,residual_success,delta_success,pure_collision,residual_collision,delta_collision,pure_min_clearance,residual_min_clearance,delta_min_clearance
cfc,imitation,default,0.0,0.75,0.75,1.0,0.0,-1.0,-0.12772286626560114,0.4193902234019113,0.5471130896675125
cfc,imitation,hard,0.0,0.3,0.3,1.0,0.7,-0.30000000000000004,-0.14055049821945292,0.015101140998122636,0.15565163921757555
cfc,rl_finetune,default,0.0,1.0,1.0,1.0,0.0,-1.0,-0.15146093589936355,0.4057488850268687,0.5572098209262322
cfc,rl_finetune,hard,0.0,0.6,0.6,1.0,0.4,-0.6,-0.15744019676065107,0.04316342946133621,0.2006036262219873
ltc,imitation,default,0.0,0.875,0.875,1.0,0.0,-1.0,-0.12622582995842516,0.4483791127074449,0.57460494266587
ltc,imitation,hard,0.0,0.3,0.3,1.0,0.7,-0.30000000000000004,-0.10961856543249922,0.03302151488988889,0.14264008032238812
ltc,rl_finetune,default,0.0,0.875,0.875,1.0,0.0,-1.0,-0.1266000870412173,0.4257199309081539,0.5523200179493712
ltc,rl_finetune,hard,0.0,0.3,0.3,1.0,0.7,-0.30000000000000004,-0.11329902322274905,0.023331455778502985,0.13663047900125203
