stage,variant,scenario_group,cfc_success,ltc_success,delta_success_cfc_minus_ltc,cfc_collision,ltc_collision,delta_collision_cfc_minus_ltc,cfc_min_clearance,ltc_min_clearance,delta_min_clearance_cfc_minus_ltc
imitation,pure,default,0.0,0.0,0.0,0.859375,0.990625,-0.13124999999999998,-0.07059160439927746,-0.12164159231058642,0.051049987911308964
imitation,pure,hard,0.0,0.0,0.0,0.94,0.9925,-0.0525000000000001,-0.10189540429512593,-0.12323235045915322,0.021336946164027287
imitation,residual,default,0.934375,0.896875,0.03749999999999998,0.009375,0.015625,-0.00625,0.45655808413498755,0.4455744077409454,0.01098367639404213
imitation,residual,hard,0.37,0.355,0.015000000000000013,0.63,0.6425,-0.012499999999999956,0.022218234900514767,0.01765524972391859,0.004562985176596177
rl_finetune,pure,default,0.0,0.0,0.0,0.85,0.990625,-0.140625,-0.060603971451347674,-0.1195779209155492,0.05897394946420152
rl_finetune,pure,hard,0.0,0.0,0.0,0.9425,0.9925,-0.050000000000000044,-0.10147134979282711,-0.12162150006025378,0.02015015026742667
rl_finetune,residual,default,0.91875,0.909375,0.009374999999999911,0.0,0.015625,-0.015625,0.4665597788207479,0.44714636194411683,0.019413416876631062
rl_finetune,residual,hard,0.375,0.355,0.020000000000000018,0.6175,0.64,-0.022499999999999964,0.03249299088413188,0.020383656883801286,0.012109334000330593
