stage,variant,scenario_group,cfc_success,ltc_success,delta_success_cfc_minus_ltc,cfc_collision,ltc_collision,delta_collision_cfc_minus_ltc,cfc_min_clearance,ltc_min_clearance,delta_min_clearance_cfc_minus_ltc
imitation,pure,default,0.0,0.0,0.0,1.0,0.4583333333333333,0.5416666666666667,-0.06218344496838211,0.10386702013581006,-0.16605046510419216
imitation,pure,hard,0.0,0.0,0.0,1.0,0.5,0.5,-0.11543500720792946,0.1073163152783442,-0.22275132248627366
imitation,residual,default,0.9583333333333334,0.875,0.08333333333333337,0.041666666666666664,0.041666666666666664,0.0,0.42864228385551595,0.4515450668328666,-0.022902782977350655
imitation,residual,hard,0.4,0.3333333333333333,0.06666666666666671,0.6,0.6666666666666666,-0.06666666666666665,0.02552640074266308,0.005624269528251079,0.019902131214412002
rl_finetune,pure,default,0.0,0.0,0.0,1.0,0.5,0.5,-0.06218344496838211,0.08140845910624654,-0.14359190407462866
rl_finetune,pure,hard,0.0,0.0,0.0,1.0,0.5,0.5,-0.12183408386326544,0.0849449611217806,-0.20677904498504604
rl_finetune,residual,default,0.9583333333333334,0.9166666666666666,0.04166666666666674,0.041666666666666664,0.041666666666666664,0.0,0.41024553159863,0.4456237656453858,-0.03537823404675583
rl_finetune,residual,hard,0.4,0.36666666666666664,0.03333333333333338,0.6,0.6333333333333333,-0.033333333333333326,0.031406706388235846,0.03350273573569967,-0.002096029347463821
